{
  "id": "dc095848-cda8-46b4-a707-a821afc2e2c7",
  "generation": 1,
  "iteration": 2,
  "timestamp": 1769894388.507301,
  "parent_id": "ec9bae7f-0273-4d25-b778-60fefb439bbd",
  "metrics": {
    "combined_score": 0.9666666666666666,
    "stage1_passed": 1.0,
    "stage2_avg_score": 1.0,
    "stage2_all_valid": 1.0,
    "avg_color_score": 0.9666666666666666,
    "all_valid": 1.0,
    "optimal_count": 8.0,
    "total_colors": 37.0,
    "num_tests": 10.0
  },
  "language": "python",
  "saved_at": 1769895063.350417
}