{
  "id": "7beae14a-6d97-47be-8a3a-02ddd5948d59",
  "generation": 3,
  "iteration": 37,
  "timestamp": 1769902727.983859,
  "parent_id": "6ba565d6-f955-4ca6-a3db-efe81a6ffc3f",
  "metrics": {
    "combined_score": 0.9883333333333333,
    "stage1_passed": 1.0,
    "stage2_avg_score": 1.0,
    "stage2_all_valid": 1.0,
    "avg_color_score": 0.9883333333333333,
    "avg_time_score": 1.0,
    "all_valid": 1.0,
    "optimal_count": 9.0,
    "total_colors": 36.0,
    "total_time": 0.001861572265625,
    "num_tests": 10.0,
    "time_penalty_weight": 0.3
  },
  "language": "python",
  "saved_at": 1769904550.2695029
}