{
  "id": "896fcf21-080c-4cc1-9a37-36764a7dea38",
  "generation": 1,
  "iteration": 2,
  "current_iteration": 105,
  "metrics": {
    "combined_score": 0.9384112809095371,
    "stage1_passed": 1.0,
    "stage2_avg_score": 0.9555555555555555,
    "stage2_all_valid": 1.0,
    "avg_color_score": 0.9384112809095371,
    "avg_time_score": 1.0,
    "all_valid": 1.0,
    "optimal_count": 15.0,
    "total_colors": 362.0,
    "total_time": 0.1517016887664795,
    "num_tests": 22.0,
    "time_penalty_weight": 0.3
  },
  "language": "python",
  "timestamp": 1770059775.689386,
  "saved_at": 1770124865.111246
}